title,price,date
STEYR AUG Z .223 Rem,350 000 руб.,"Сегодня, в 11:35"
Norinco CQ-A,170 000 руб.,"Вчера, в 21:55"
"Kel Tec SU-16F, кал.223Rem",390 000 руб.,"Вчера, в 20:30"
"Steyr Mannlicher, SBS 96 Full Stock, кал.223Rem",340 000 руб.,"Вчера, в 20:30"
"CZ-527, кал.223Rem",120 000 руб.,"Вчера, в 18:35"
"Вепрь-Супер-(СОК-97М-01)-5,56-45",100 000 руб.,"15 Сентября, в 19:13"
Сайга мк 223rem,54 000 руб.,"Сегодня, в 14:28"
Tikka T3.    223 Rem. 8,160 000 руб.,"Сегодня, в 12:27"
Blaser R93  222 rem + расходка,288 000 руб.,"Сегодня, в 12:16"
CZ 527FS,100 000 руб.,"Сегодня, в 11:06"
Лось Байкал 145 223rem,145 000 руб.,"Сегодня, в 09:52"
Продам atr 15  Alfatech (Альфа Технология) AR-15 кал. 223,450 000 руб.,"Сегодня, в 09:44"
Сайга-МК,100 000 руб.,"Сегодня, в 09:06"
Вепрь 223,35 000 руб.,"Сегодня, в 08:58"
Norinco CQ-A,185 000 руб.,"Сегодня, в 08:40"
Чезет 527 люкс,95 000 руб.,"Вчера, в 22:03"
Мр 18,40 000 руб.,"Вчера, в 19:45"
Blaser R 93,800 000 руб.,"Вчера, в 18:43"
"Вепрь супер, 223 Rem, оптика Bushnell",88 000 руб.,"Вчера, в 18:20"
Карабин NEA 15 ( ar15 ). 223rem,777 000 руб.,"Вчера, в 18:18"
Блазер R93 только ствол,150 000 руб.,"Вчера, в 15:29"
Меркель SR-1,250 000 руб.,"Вчера, в 15:11"
"AR 15 от ORSIS (AS-15 тот же V-AR) rem 223 (5,56x45)",295 000 руб.,"Вчера, в 14:21"
AUG Z Mannlicher  223 rem,350 000 руб.,"Вчера, в 13:45"
Горностай 193-02,60 000 руб.,"Вчера, в 13:36"
TIKKA T3 HANTER 223R,170 000 руб.,"Вчера, в 12:30"
CZ-527 Lux,170 000 руб.,"Вчера, в 12:03"
CZ 527 Carbine Synthetic 223 Rem M14*1,149 000 руб.,"Вчера, в 11:42"
Застава м85,150 000 руб.,"Вчера, в 10:31"
Орсис 140м,220 000 руб.,"Вчера, в 07:15"
АТ15 Alfatech,349 900 руб.,"15 Сентября, в 23:06"
Сайга 223,60 000 руб.,"15 Сентября, в 19:52"
"ARCAN-15 .223 REM - 12,5"" (Новый)",339 000 руб.,"15 Сентября, в 19:31"
Карабин CZ 527 LUX калибр 223,115 000 руб.,"15 Сентября, в 16:32"
Steyr aug,300 000 руб.,"15 Сентября, в 14:58"
Сайга МК Легион,55 000 руб.,"15 Сентября, в 14:35"
Карабин Tikka T3 Sporter 223Rem,420 000 руб.,"15 Сентября, в 14:20"
Классический охотничий карабин c продольно-скользящим затвором MANNLICHER SBS 96  223 REM,160 000 руб.,"15 Сентября, в 11:16"
Продам Карабин Schmeisser AR15 M5 кал. 223 Rem.,450 000 руб.,"15 Сентября, в 10:36"
САЙГА МК 03 ЛЕГИОН,80 000 руб.,"15 Сентября, в 09:40"
Вепрь-Супер 223Rem,120 000 руб.,"15 Сентября, в 09:21"
Heckler & Koch sl8,500 000 руб.,"15 Сентября, в 09:21"
Сайга 032 Сварог,150 000 руб.,"15 Сентября, в 09:11"
"NORINCO CQ-A, Норинко AR-15 (M4)",196 000 руб.,"15 Сентября, в 08:59"
Мр-18МН к.223,15 000 руб.,"15 Сентября, в 08:25"
Orsis 120 223 Rem,134 000 руб.,"15 Сентября, в 06:56"
Tikka T3 Lite 223Rem,195 000 руб.,"15 Сентября, в 05:50"
Cz -527  кал.223,130 000 руб.,"14 Сентября, в 21:29"
"Карабин  ИТАЛИЯ ADC M5-PLUS .223 Rem, 16"" тел +7495-175-75-75",309 900 руб.,"14 Сентября, в 20:41"
Вепрь 223 Rem,45 000 руб.,"14 Сентября, в 20:34"
Cz нарезное,100 000 руб.,"14 Сентября, в 19:35"
SDI AR 15,500 000 руб.,"14 Сентября, в 17:07"
Сайга МК 223,50 000 руб.,"14 Сентября, в 16:42"
Сайга-223 223 Rem 415 мм,50 000 руб.,"14 Сентября, в 12:25"
145 Лось,117 000 руб.,"14 Сентября, в 12:23"
"Blaser R-93 Professional 375H&H, 223",480 000 руб.,"14 Сентября, в 06:12"
"KEL_TEC SU16F 223 365р , ANTONIO ZOLI 243 лалибр -245000р",365 000 руб.,"14 Сентября, в 06:11"
Вепрь-Супер .223 Rem,54 000 руб.,"13 Сентября, в 18:45"
AS 15 ORSIS (V-AR) .223 Rem. AR-15 Арка от Орсис.,300 000 руб.,"13 Сентября, в 18:33"
Иж18мн,25 000 руб.,"13 Сентября, в 15:38"
NORINCO CQ-A,250 000 руб.,"13 Сентября, в 14:40"
Вепрь 223,45 000 руб.,"13 Сентября, в 11:30"
Барс-4-1 223  Rem,40 000 руб.,"13 Сентября, в 10:50"
"Сайга-МК, калибр 223 Rem",60 000 руб.,"13 Сентября, в 09:28"
Rèsler titan 3 нержавейка,210 000 руб.,"13 Сентября, в 08:57"
Tikka t3 223,210 000 руб.,"13 Сентября, в 08:54"
Ремингтон 700 спс,135 000 руб.,"13 Сентября, в 05:51"
CZ 527 LUX 223rem,120 000 руб.,"12 Сентября, в 19:46"
"ARCAN-15 .223 REM - 12,5""",250 000 руб.,"12 Сентября, в 15:57"
Arcan-15 кал.223 Rem №23-11 (ресивер со стволом),195 000 руб.,"12 Сентября, в 13:47"
Ruger Number 1-B,280 000 руб.,"12 Сентября, в 12:40"
"Карабин (К.К.) Сайга-МК исп.032, кал.223REM (ЛОТ) СВАРОГ",176 351 руб.,"12 Сентября, в 12:36"
Blaser R93,850 000 руб.,"12 Сентября, в 11:50"
Сайга МК 223,75 000 руб.,"12 Сентября, в 10:54"
МР 121 ЛИС к. 223rem,65 000 руб.,"12 Сентября, в 10:08"
Ремингтон 700 223 rem BDL Remington,130 000 руб.,"12 Сентября, в 09:46"
ADC М5,220 000 руб.,"12 Сентября, в 07:47"
CZ 527 223rem varmint. УСМ со шнеллером.,81 000 руб.,"12 Сентября, в 07:17"
Blaser R93 223 калибр,250 000 руб.,"12 Сентября, в 05:23"
ADAR 2-15 16дюймов/ ar-15,299 999 руб.,"11 Сентября, в 22:44"
Norinco CQ-A .223,220 000 руб.,"11 Сентября, в 21:43"
"Лось 10 Baikal 145 .223Rem НОВЫЙ ""Люберецкий арсенал""",107 900 руб.,"11 Сентября, в 21:43"
TR3; 223Rem ЛЮБЕРЕЦКИЙ АРСЕНАЛ,96 300 руб.,"11 Сентября, в 21:24"
Вепрь 223,40 000 руб.,"11 Сентября, в 21:16"
"САЙГА МК КАЛ.223REM, 415",59 900 руб.,"11 Сентября, в 21:11"
Лис 121 кал. 223Rem,40 500 руб.,"11 Сентября, в 21:06"
ADAR (АДАР) 2-15,170 000 руб.,"11 Сентября, в 19:14"
CZ 527 Varmint,110 000 руб.,"11 Сентября, в 18:08"
Вепрь 223 Rem,50 000 руб.,"11 Сентября, в 17:00"
Вепрь 223 rem,50 000 руб.,"11 Сентября, в 11:59"
Cz 527 lux к. 223 rem,120 000 руб.,"11 Сентября, в 11:52"
CZ 527 VARMINT LAMINATED,140 000 руб.,"11 Сентября, в 11:50"
Steyr AUG кл.223 Rem,230 000 руб.,"11 Сентября, в 08:54"
Орсис M-15 (AR-15) Armalite,240 000 руб.,"11 Сентября, в 07:54"
Карабин CZ 527,80 000 руб.,"11 Сентября, в 06:41"
Вепрь СОК 97,35 000 руб.,"11 Сентября, в 04:59"
Сайга М3 Легион .223,55 000 руб.,"11 Сентября, в 01:28"
Cz 527 lux,100 000 руб.,"10 Сентября, в 20:44"
Steyr mannlicher AUG Z A2,250 000 руб.,"10 Сентября, в 20:07"
Hekler&Koch SL 8 Хеклер Кох SL 8   кал. 223 REM,300 000 руб.,"10 Сентября, в 19:50"
"Рукоятка взведения затвора двусторонняя ""STR"", для карабинов серии AR, калибра 223, 9 mm и",4 600 руб.,"10 Сентября, в 17:33"
Weatherby mark 5 svm,Договорная,"10 Сентября, в 16:01"
CZ527,100 000 руб.,"10 Сентября, в 15:57"
Blaser R8,910 000 руб.,"10 Сентября, в 15:45"
Remington 700 VTR 223rem,350 000 руб.,"10 Сентября, в 15:17"
Карабин Steyr Mannlicher AUG к.223 (Комиссия),250 000 руб.,"10 Сентября, в 15:05"
CZ-527 Synthetic M1,135 099 руб.,"10 Сентября, в 12:56"
САЙГА-TR-3 ген2 223rem 415мм,92 700 руб.,"10 Сентября, в 12:13"
Сайга SR1,75 000 руб.,"10 Сентября, в 11:41"
CZ 527 Varmint Thumbhole PH в Москве калибр 223 Rem.,200 000 руб.,"10 Сентября, в 11:08"
МР-18МН,25 000 руб.,"10 Сентября, в 10:53"
Карабин Desert Tech MDRX кал. 223 Rem,900 000 руб.,"10 Сентября, в 10:33"
Лось 145 223 рем,170 000 руб.,"10 Сентября, в 10:23"
Blaser r93 223rem,525 000 руб.,"10 Сентября, в 10:18"
CZ 527 LUX,75 000 руб.,"10 Сентября, в 09:50"
Вепрь 223,60 000 руб.,"10 Сентября, в 09:45"
XR -15,200 000 руб.,"10 Сентября, в 04:30"
HECKLER & KOCH  Карабин охотничий самозарядный калибр 223 Rem,1 500 000 руб.,"10 Сентября, в 00:04"
МР-18МН,36 500 руб.,"9 Сентября, в 22:33"
Вепрь СОК 97,70 000 руб.,"9 Сентября, в 20:14"
"Орсис 120, 223 rem",150 000 руб.,"9 Сентября, в 18:36"
Карабин CZ-527 к.223 Rem (Комиссия),105 000 руб.,"9 Сентября, в 15:55"
Steyr AUG A3,420 000 руб.,"9 Сентября, в 13:42"
Карабин DANIEL DEFENSE DDM4A1 к.223Rem (Комиссия),650 000 руб.,"9 Сентября, в 12:54"
"SWC BOLD кал. 223Rem, 14.5""",279 500 руб.,"9 Сентября, в 11:18"
Вепрь пионер 223,40 000 руб.,"9 Сентября, в 11:02"
Colt Match Target HBAR AR-15,245 000 руб.,"9 Сентября, в 10:50"
Сайга-223; 223 Rem; 415 мм,57 100 руб.,"9 Сентября, в 09:10"
"Сайга ""Сварог"" - Сайга МК",140 000 руб.,"9 Сентября, в 09:05"
"Карабин Вепрь-Пионер 223Rem 5,56х45 L-550 дерево Комиссия 891702474",33 648 руб.,"9 Сентября, в 05:25"
Карабин AT-15 (AR-15 от Alfatech),350 000 руб.,"8 Сентября, в 22:28"
СОК-97M б/о (650) 223Rem Карабин Вепрь Супер,75 000 руб.,"8 Сентября, в 21:27"
CZ 527 FS 223 rem,105 000 руб.,"8 Сентября, в 21:25"
Ремингтон 700,200 000 руб.,"8 Сентября, в 21:11"
Сайга охотвариант 223,70 000 руб.,"8 Сентября, в 19:55"
Продам Вепрь СОК 97М 223 Rem,45 000 руб.,"8 Сентября, в 19:10"
CZ 527 FS в калибре 223 Rem,80 000 руб.,"8 Сентября, в 19:10"
Форт АР 15,200 000 руб.,"8 Сентября, в 16:20"
"Zastava m85, к. 223 rem",75 000 руб.,"8 Сентября, в 15:33"
Remington 700 BDL Custom Deluxe 223 Rem,250 000 руб.,"8 Сентября, в 14:42"
Steyr Mannlicher AUG SA,400 000 руб.,"8 Сентября, в 14:28"
МР-121  Лис,62 000 руб.,"8 Сентября, в 11:42"
Барс 4-1 223,80 000 руб.,"8 Сентября, в 09:55"
Weatherby mark v 223 rem,170 000 руб.,"8 Сентября, в 09:53"
"Seckin MS16 кал. 223Rem, 16""",144 900 руб.,"8 Сентября, в 09:22"
Барс  4-1,60 000 руб.,"8 Сентября, в 08:41"
"Продаю карабин Benelli MR1, калибр 223Rem",245 000 руб.,"8 Сентября, в 07:07"
Cz527 Lux 223Rem+Nikon Pr-ff 3-9x40 - 8 шт/Cz527 Exclusive Ebony Edition/Cz 557 Synth 308W,Договорная,"8 Сентября, в 06:51"
Сайга МК 223rem,40 000 руб.,"8 Сентября, в 06:02"
Blaser R8,590 000 руб.,"8 Сентября, в 03:36"
Вепрь 223,62 000 руб.,"8 Сентября, в 01:56"
Сайга МК-03 .223rem L-341мм,39 900 руб.,"7 Сентября, в 23:01"
"Вепрь 1В, ВПО-125, 223rem, 420 мм. В СПб",90 000 руб.,"7 Сентября, в 19:36"
Вепрь-223,28 000 руб.,"7 Сентября, в 18:26"
Сайга 223 REM,105 000 руб.,"7 Сентября, в 17:52"
Продаю Сайгу - МК 03 Легион,75 000 руб.,"7 Сентября, в 14:54"
Сайга - МК 223 Rem (Легион),105 000 руб.,"7 Сентября, в 11:26"
Сайга-МК исп 03 223rem,55 000 руб.,"7 Сентября, в 11:03"
Маузер М03,700 000 руб.,"7 Сентября, в 10:59"
MERKEL  SR1    223 REM,399 999 руб.,"7 Сентября, в 06:30"
Оrsis 120 223 rem,200 000 руб.,"7 Сентября, в 01:05"
магазин BLASER R8,12 999 руб.,"7 Сентября, в 00:43"
Remington 700,200 000 руб.,"6 Сентября, в 20:01"
Карабин Барс 4-1,70 000 руб.,"6 Сентября, в 13:28"
CZ 527 varmint,190 000 руб.,"6 Сентября, в 11:01"
CZ 527 FS 223 rem,150 000 руб.,"6 Сентября, в 11:01"
Cz 527,95 000 руб.,"6 Сентября, в 09:54"
"MKA 556-200S, 5.56х45, 2 магазина, плс.кейс, 20"" В НАЛЧИИ",199 900 руб.,"6 Сентября, в 09:25"
CZ 527 Varmint,100 000 руб.,"6 Сентября, в 08:22"
Вепрь - СОК-97 223 Rem,55 000 руб.,"5 Сентября, в 22:27"
Карабин Savage 11F 223Rem,100 000 руб.,"5 Сентября, в 17:51"
Адаптер складывания приклада LAW TACTICAL,82 000 руб.,"5 Сентября, в 14:48"
TR3 Gen.2 кал. 223Rem,102 900 руб.,"5 Сентября, в 14:27"
ДТК аирмастер новичок,40 000 руб.,"5 Сентября, в 11:59"
"Карабин CZ-527 Varmint, кал. 223 REM",260 000 руб.,"5 Сентября, в 11:15"
Вепрь 223 СОК 97 калибр .223 rem,48 808 руб.,"5 Сентября, в 08:37"
CZ 527 Varmint,180 000 руб.,"5 Сентября, в 07:19"
AUG Manlicher 223,210 000 руб.,"5 Сентября, в 05:42"
Steyr Mannlicher AUG-Z,250 000 руб.,"5 Сентября, в 03:57"
Лось 145,80 000 руб.,"5 Сентября, в 02:21"
Карабин СОЗ ARcan-15 кал. 223 Rem (Новый),380 000 руб.,"4 Сентября, в 16:08"
Howa-1500,155 000 руб.,"4 Сентября, в 14:23"
"Лось кал. 223Rem, 550мм,твист9,ствол хром,орех,комб.затыл.,пл. Пикатинни",110 000 руб.,"4 Сентября, в 12:54"
ADC,350 000 руб.,"4 Сентября, в 12:43"
Орсис 120,170 000 руб.,"4 Сентября, в 12:25"
«Вепрь-пионер» калибра. 223 Rem,52 500 руб.,"4 Сентября, в 12:01"
"Вепрь-Пионер, кал. 223 Rem, 2001 г.в.",51 000 руб.,"4 Сентября, в 11:38"
Карабин Steyr Mannlicher AUG-Z к.223 Rem,350 000 руб.,"4 Сентября, в 10:56"
МР-18МН 223 REM,20 000 руб.,"4 Сентября, в 10:29"
САЙГА-МК .223Rem,61 900 руб.,"4 Сентября, в 10:17"
Сайга 223,60 000 руб.,"4 Сентября, в 10:12"
CZ527 223 REM.,95 000 руб.,"4 Сентября, в 10:09"
Вепрь .223 Rem,35 000 руб.,"4 Сентября, в 06:37"
Продам комплект Remington 700+Meopta,250 000 руб.,"4 Сентября, в 05:36"
Сайга МК 223,45 000 руб.,"4 Сентября, в 04:44"
CZ-527 VARMINT,150 000 руб.,"3 Сентября, в 18:24"
NORINCO CQ-A M4 AR15,285 000 руб.,"3 Сентября, в 18:01"
Карабин Franchi Horizon 223 rem,120 000 руб.,"3 Сентября, в 17:48"
Карабин сайга 223,60 000 руб.,"3 Сентября, в 17:34"
"Карабин Heckler  & Koch MR223 16.5""",1 000 000 руб.,"3 Сентября, в 17:19"
Мр 18 223,30 000 руб.,"3 Сентября, в 17:16"
Орсис 120 кал 223rem,160 000 руб.,"3 Сентября, в 17:04"
Вепрь-пионер СОК-97,40 000 руб.,"3 Сентября, в 16:01"
ТИККА - Т3 кал. 223 Rem с прицелом Карл Цейс Duralyt 2-8*42,500 000 руб.,"3 Сентября, в 14:42"
Blaser R93,700 000 руб.,"3 Сентября, в 14:04"
Карабин МР 18 МН,50 000 руб.,"3 Сентября, в 13:57"
МР-121 Лис,35 000 руб.,"3 Сентября, в 13:38"
MAUSER M03. 223Rem/.300WM/.375H&H,990 000 руб.,"3 Сентября, в 13:14"
1В РПК,90 000 руб.,"3 Сентября, в 13:10"
Remington 700 Varmint SF 223 Rem Нержавейка Новый,300 000 руб.,"3 Сентября, в 12:15"
Лис 121,53 000 руб.,"3 Сентября, в 11:16"
Remington 700 VLS S Thumbhole,220 000 руб.,"3 Сентября, в 11:14"
Cz 527,200 000 руб.,"3 Сентября, в 10:20"
CZ-527 LUX  cal. 223 Rem.,100 000 руб.,"3 Сентября, в 08:27"
CZ 527 FS.  223 rem,60 000 руб.,"3 Сентября, в 07:58"
Cайга 223,90 000 руб.,"3 Сентября, в 07:00"
Вепрь .223 СОК-97с,75 000 руб.,"3 Сентября, в 04:50"
Schmeisser AR15,500 000 руб.,"2 Сентября, в 21:32"
Вепрь 223,45 000 руб.,"2 Сентября, в 21:22"
Sako 75 Hunter,115 000 руб.,"2 Сентября, в 17:12"
CZ 527 Lux,100 000 руб.,"2 Сентября, в 17:01"
ВПО 155-18,90 000 руб.,"2 Сентября, в 15:59"
Мр-18мн Иж-18мн .30-06 .223 12/76,50 000 руб.,"2 Сентября, в 15:57"
STEYR AUG .223Rem,350 000 руб.,"2 Сентября, в 15:13"
"Винтовка ADC Marcsman (Италия), калибр 223 Rem",799 000 руб.,"2 Сентября, в 14:49"
223 rem Сайга-МК,100 000 руб.,"2 Сентября, в 12:27"
"Запчасти АР-15 / AR-15 / АК ( цевье, газ блок , эндплейт, переключатель)",1 500 руб.,"2 Сентября, в 10:59"
Карабин Steyr Mannlicher AUG-Z A2-SA,380 000 руб.,"2 Сентября, в 05:10"
Сайга МК,60 000 руб.,"2 Сентября, в 01:35"
"Карабин AR-15 ProArms Armory Par Mk3 223Rem ствол 14""",300 000 руб.,"1 Сентября, в 16:39"
Винтовка Heckler & Koch MR223,1 450 000 руб.,"1 Сентября, в 13:24"
Вепрь ПИОНЕР 223Rem,60 500 руб.,"1 Сентября, в 11:37"
Вепрь Пионер (подарочный),150 000 руб.,"1 Сентября, в 10:48"
BENELLI MR1,250 000 руб.,"1 Сентября, в 10:00"
Вепрь-223,52 000 руб.,"1 Сентября, в 09:33"
"Карабин Baikal-121 Лис 223Rem 5,56х45 L-600 орех Baikal НОВОЕ",45 980 руб.,"1 Сентября, в 08:48"
Сайга-МК. 223Rem,80 000 руб.,"1 Сентября, в 05:20"
TIKKA T3 223 rem,40 000 руб.,"31 Августа, в 19:29"
Продам  Weatherby VGD2 Synthetic в калибре 223Rem,150 000 руб.,"31 Августа, в 18:11"
CZ 527,130 000 руб.,"31 Августа, в 17:59"
"Вайраух, калибр 222",150 000 руб.,"31 Августа, в 17:01"
HOVA 1500,160 000 руб.,"31 Августа, в 14:01"
Steyr-Mannlicher AUG,219 000 руб.,"31 Августа, в 10:00"
Сайга МК 223rem,60 000 руб.,"30 Августа, в 11:25"
CZ 527 223rem,125 000 руб.,"30 Августа, в 08:25"
"Карабин NORINCO CQ-A, калибр 223 Rem",200 000 руб.,"30 Августа, в 06:32"
Kurbatov Arms R-715,150 000 руб.,"29 Августа, в 23:39"
ОРСИС/ORSIS 140 нерж. калибр 223 Rem. г. Тула,110 000 руб.,"29 Августа, в 20:34"
Remington 700. Кал. 223.,165 000 руб.,"29 Августа, в 18:37"
ВПО-125 «Вепрь-1В»,100 000 руб.,"29 Августа, в 15:52"
Вепрь 223 Супер,50 000 руб.,"29 Августа, в 14:36"
Комплекс карабин тика Tikka T-3x lait,985 000 руб.,"29 Августа, в 11:12"
Blaser R8 Professional,1 150 000 руб.,"29 Августа, в 10:46"
Дополнительный ствол 223 кал к Blaser R 93 - быстросьем,200 000 руб.,"29 Августа, в 09:16"
Blaser R93 .223 Rem; .30-06; .300 Win. Mag; 2 ложе; Прицел Kahles Helia CL 3-10×50,1 000 000 руб.,"29 Августа, в 08:53"
"Карабин МР-18МН 5,56х45 223Rem L-600 дерево Комиссия 891282574",32 999 руб.,"29 Августа, в 07:08"
Вепрь Пионер СОК-97Р,45 000 руб.,"28 Августа, в 22:27"
NORINCO CQ-А 223Rem,190 000 руб.,"28 Августа, в 20:51"
Барс 4-1 223 Rem,34 000 руб.,"28 Августа, в 20:13"
МР-18МН к.223rem.,15 000 руб.,"28 Августа, в 19:09"
Вепрь-Пионер,55 000 руб.,"28 Августа, в 18:38"
Форт Ар-15-03 (AR-15),135 000 руб.,"28 Августа, в 15:03"
Блазер R93,850 000 руб.,"28 Августа, в 14:27"
Remington 700 XCR Compact Tactical 223 REM 1in9 TWIST. ствол 20* нержавейка,179 000 руб.,"27 Августа, в 21:14"
Сайга МК 223Rem,40 000 руб.,"27 Августа, в 20:55"
Ремингтон 700,125 000 руб.,"27 Августа, в 15:38"
Sako XS,200 000 руб.,"27 Августа, в 12:54"
Прицел дневной Ш&Б.,175 000 руб.,"27 Августа, в 11:42"
Merkel SR1,220 000 руб.,"27 Августа, в 10:21"
Рэмингтон 700 LTR Police. 223,150 000 руб.,"26 Августа, в 19:40"
АДАР 2-15,111 111 руб.,"26 Августа, в 17:53"
Карабин Orsis 140,130 000 руб.,"26 Августа, в 17:42"
"Нарезное оружие МР-18МН кал.223Rem, смен.ствол 9х19, пластик, 191807048",50 700 руб.,"26 Августа, в 17:36"
Карабин Барс,75 000 руб.,"26 Августа, в 14:08"
Blaser r93 223 rem,150 000 руб.,"26 Августа, в 13:36"
Blaser r8,1 200 000 руб.,"26 Августа, в 13:29"
Карабин Steyr Mannlicher AUG-Z к.223 Rem,400 000 руб.,"26 Августа, в 12:56"
Доп ствол,250 000 руб.,"26 Августа, в 10:52"
AR15 Форт,Договорная,"25 Августа, в 14:04"
"Карабин ""ADAR 2-15"", калибр .223 Rem",270 000 руб.,"25 Августа, в 12:53"
"Smith&Wesson M&P 15 Sport II (16"")",420 000 руб.,"25 Августа, в 12:51"
Карабин SWC Bold 223Rem 370мм,270 000 руб.,"25 Августа, в 12:09"
ВЕПРЬ 223,65 000 руб.,"25 Августа, в 11:14"
CZ 527,110 000 руб.,"25 Августа, в 09:27"
Сайга-М3 к.223 rem,39 000 руб.,"25 Августа, в 09:08"
Heckler & Koch SL8-5,300 000 руб.,"25 Августа, в 07:34"
Cz527 Lux223 rem,120 000 руб.,"25 Августа, в 07:16"
"ADC Tactical H (223 Rem) Ствол 18"" AR-15",440 000 руб.,"24 Августа, в 15:00"
"ADC Tactical H (223 Rem) Ствол 16"" AR-15",390 000 руб.,"24 Августа, в 14:59"
Вепрь Пионер 223Rem,50 000 руб.,"24 Августа, в 13:29"
"Heckler&Koch SL8, 223Rem,",350 000 руб.,"24 Августа, в 12:09"
"САЙГА-МК  223REM, L 415",59 900 руб.,"24 Августа, в 09:41"
Mauser M03 223 rem.,180 000 руб.,"24 Августа, в 05:05"
Norinco CQ-A,165 000 руб.,"23 Августа, в 14:31"
"Вепрь пионер, калибр 5.56х45 мм(223ren)",30 000 руб.,"23 Августа, в 14:01"
CZ 527 FS   223 Rem,120 000 руб.,"23 Августа, в 09:03"
Вепрь-223,26 000 руб.,"23 Августа, в 07:20"
Steyr Aug .223Rem,360 000 руб.,"23 Августа, в 06:39"
"МР-121 ""Лис"" к. 223 rem",31 500 руб.,"22 Августа, в 20:23"
МР121 ЛИС 223rem,40 000 руб.,"22 Августа, в 19:26"
Карабин CZ-527 кал.223 rem,160 000 руб.,"22 Августа, в 17:23"
"Карабин MANNLICHER AUG, КАЛ. 223 REM",500 000 руб.,"22 Августа, в 09:54"
АКСУ 223 rem,200 000 руб.,"22 Августа, в 09:29"
Лось 145,75 000 руб.,"22 Августа, в 08:08"
TR3 gen.2; 223REM; 415 мм,95 000 руб.,"21 Августа, в 22:18"
Sako 75,240 000 руб.,"21 Августа, в 21:52"
Вепрь-1В ВПО-125 .223rem,45 000 руб.,"21 Августа, в 19:09"
Steyr Mannlicher AUG A2,310 000 руб.,"21 Августа, в 14:38"
AR-15  Форт 04,215 000 руб.,"21 Августа, в 10:16"
ВПО Молот 155-18,99 000 руб.,"21 Августа, в 00:08"
Remington 700 VTR 223 Rem.,240 000 руб.,"20 Августа, в 22:13"
Вепрь 223  кал.223Rem.,55 000 руб.,"20 Августа, в 21:32"
Сайга 223,62 000 руб.,"20 Августа, в 20:10"
ИЖ18-МН 223rem,47 500 руб.,"20 Августа, в 14:52"
MP18  223rem,25 000 руб.,"20 Августа, в 14:19"
Steyr aug-z  223rem,450 000 руб.,"20 Августа, в 10:06"
Вепрь 223,41 500 руб.,"19 Августа, в 19:17"
Карабин Норинка cq-a 223,170 000 руб.,"19 Августа, в 14:44"
Sabre Defense XR-15,330 000 руб.,"19 Августа, в 08:48"
CZ 527 lux 223 rem.,65 000 руб.,"19 Августа, в 07:28"
Лось-145,85 000 руб.,"19 Августа, в 05:36"
Orsis-120 к.223 rem,125 000 руб.,"18 Августа, в 22:22"
FN SCAR-16S,2 300 000 руб.,"18 Августа, в 17:47"
Карабин ЧЗ – 527,90 000 руб.,"18 Августа, в 16:37"
Blaser R93,1 050 000 руб.,"18 Августа, в 13:35"
Барс 4.1 233,55 000 руб.,"18 Августа, в 12:23"
CZ 527 Lux,130 000 руб.,"18 Августа, в 11:58"
ЧЭЗЭТ,110 000 руб.,"18 Августа, в 10:54"
"Лось 145, 223 ,прицел пульсар.",175 000 руб.,"18 Августа, в 09:53"
"Tikka T3 Hunter, 223 rem.",300 000 руб.,"17 Августа, в 17:52"
Продам CZ 527,350 000 руб.,"17 Августа, в 13:50"
Сайга мк,40 000 руб.,"16 Августа, в 08:37"
AR-15 RA-15 РОК 223 Rem.,300 000 руб.,"15 Августа, в 15:34"
Benelli MR1 223 Rem,250 000 руб.,"15 Августа, в 12:13"
CZ 527 LUX кал. 223 Рem,100 000 руб.,"15 Августа, в 10:01"
Merkel SR1,170 000 руб.,"14 Августа, в 11:22"
Tikka T3 lite кал. 223 rem,180 000 руб.,"14 Августа, в 08:14"
иж 18мн,20 000 руб.,"13 Августа, в 17:39"
Steyr Mannlicher Aug-z,430 000 руб.,"13 Августа, в 13:57"
Вепрь Пионер 223,65 000 руб.,"13 Августа, в 12:54"
TIKKA T3 LITE 223 REM,180 000 руб.,"13 Августа, в 11:25"
Blaser r8,4 000 000 руб.,"13 Августа, в 00:52"
Haenel Jaeger -10,125 000 руб.,"12 Августа, в 22:06"
Вепрь Молот AR-15,280 000 руб.,"12 Августа, в 18:08"
Вепрь супер,55 000 руб.,"12 Августа, в 17:45"
NORINCO CQ-A,250 000 руб.,"12 Августа, в 14:59"
ВПО 165 01,150 000 руб.,"11 Августа, в 19:15"
ORSIS SE SR Hunter 223 Rem,235 000 руб.,"11 Августа, в 19:13"
Веперь 223 Rem,75 000 руб.,"11 Августа, в 18:49"
CZ 527 кал. 223.REM,80 000 руб.,"11 Августа, в 16:13"
Вепрь СОК-97 223кб,50 000 руб.,"11 Августа, в 11:29"
Сайга МК 223,95 000 руб.,"11 Августа, в 11:06"
Зауэр 202,300 000 руб.,"11 Августа, в 09:31"
CZ-527 Lux,85 000 руб.,"10 Августа, в 17:27"
CZ 527 Lux 223 Rem,120 000 руб.,"10 Августа, в 16:43"
МР-18МН 233Rem,19 000 руб.,"9 Августа, в 22:14"
"Steyr Mannlicher AUG SA кб. 223 (5,56X45)",450 000 руб.,"9 Августа, в 20:19"
Вепрь-223,55 000 руб.,"9 Августа, в 11:20"
Вепрь-Пионер 223,70 000 руб.,"8 Августа, в 15:34"
AR15 (USA ArmaLite) ORSIS M-15 A4,350 000 руб.,"8 Августа, в 14:15"
"Remington model 700, кал.: 223 Rem.",195 000 руб.,"8 Августа, в 13:04"
Blaser R-93,600 000 руб.,"8 Августа, в 11:33"
Сайга МК 223 RЕМ б/о плс,64 900 руб.,"8 Августа, в 09:32"
Карабин Benelli MR1,180 000 руб.,"7 Августа, в 22:24"
Сайга МК 223 Rem,90 000 руб.,"7 Августа, в 19:15"
STEYR MANNLICHER AUG/SA (AUG-Z),520 000 руб.,"7 Августа, в 15:25"
Вепрь223,50 000 руб.,"7 Августа, в 13:20"
Вепрь 223,45 000 руб.,"7 Августа, в 04:13"
Лось 223,90 000 руб.,"6 Августа, в 20:24"
Norinco cq-a 223,265 000 руб.,"6 Августа, в 15:20"
Сайга МК 223,55 000 руб.,"6 Августа, в 12:37"
CZ 527,175 000 руб.,"6 Августа, в 07:14"
Карабин Anschutz 1770 калибр 223,200 000 руб.,"5 Августа, в 18:52"
STEYR MANNLIHER,220 000 руб.,"5 Августа, в 14:16"
"Лис, к. .223Rem (12004)",36 790 руб.,"4 Августа, в 19:34"
Steyr Aug,350 000 руб.,"4 Августа, в 19:19"
АКСУ-223 кал. 223Rem,68 000 руб.,"4 Августа, в 14:03"
АКСУ-223 кал. 223Rem с боковой планкой,67 990 руб.,"4 Августа, в 14:03"
"Карабин Сайга-МК 223 ЛОТ ""Сварог""",130 000 руб.,"4 Августа, в 13:39"
CZ527 Varmint 223Rem,130 000 руб.,"4 Августа, в 08:59"
"Schmeisser .223 Rem, AR15, Москва",450 000 руб.,"4 Августа, в 06:56"
Сайга 223,18 000 руб.,"3 Августа, в 11:07"
Карабин CZ -527 калибр 223 Rem,110 000 руб.,"3 Августа, в 10:30"
Барс-4-1,65 000 руб.,"31 Июля, в 17:00"
Барс 4.1 223rem,70 000 руб.,"31 Июля, в 16:11"
AR-15 SWC BOLD .223Rem НОВЫЙ! 20″,260 000 руб.,"31 Июля, в 13:39"
Вепрь Супер 223 rem,30 000 руб.,"30 Июля, в 23:31"
Вепрь - Супер 223 рем,50 000 руб.,"30 Июля, в 13:32"
Доп ствол на Blaser R-93 223Rem,150 000 руб.,"30 Июля, в 08:23"
Blaser R-93 Standart 223Rem,320 000 руб.,"30 Июля, в 08:23"
Ремингтон 700,130 000 руб.,"30 Июля, в 05:54"
Лось 145 -223 rem,95 000 руб.,"30 Июля, в 00:57"
"Карабин ВПО-155-18, калибр 223 Rem, L-350",47 530 руб.,"29 Июля, в 19:12"
"ARCAN-15 .223 REM - 14,5"" новинка, Звоните +7495-175-74-75",349 000 руб.,"29 Июля, в 18:40"
Вепрь СОК-97 223 REM 2009 г.в,25 000 руб.,"29 Июля, в 18:24"
Blaser R93 Varmint,1 150 000 руб.,"29 Июля, в 12:34"
Барс 4-1 223 rem,50 000 руб.,"28 Июля, в 13:49"
Blaser R8,950 000 руб.,"28 Июля, в 11:00"
ДТК 223 rem,15 000 руб.,"28 Июля, в 08:12"
AR15 KurbatovArms,170 000 руб.,"28 Июля, в 06:11"
Карабин Tikka T3 Sporter 223Rem,420 000 руб.,"27 Июля, в 17:51"
"Карабин CZ 527 VARMINT THUMBHOLE cal. 223 REM, M15x1",157 000 руб.,"27 Июля, в 13:04"
Ствол Blaser R8 300win/233 rem,220 000 руб.,"27 Июля, в 11:47"
Steyr Mannlicher AUG 223 Rem,200 000 руб.,"26 Июля, в 17:32"
ВЕПРЬ СУПЕР 223,100 000 руб.,"25 Июля, в 10:38"
AUG,300 000 руб.,"24 Июля, в 20:54"
"Ремингтон 223, Сако 22 лр Винчестнр Магнум",Договорная,"24 Июля, в 08:18"
CZ 527 LUX 223 rem,87 000 руб.,"24 Июля, в 04:58"
Steyr AUG,240 000 руб.,"23 Июля, в 22:27"
HECKLER&KOCH-SL6,179 000 руб.,"23 Июля, в 22:05"
AR-15 ВПО 140 (Вепрь 15),390 000 руб.,"23 Июля, в 19:10"
Сайга мк 03,55 000 руб.,"23 Июля, в 17:10"
ВПО 140 - Вепрь 15,375 000 руб.,"22 Июля, в 15:20"
H&K SL 8,350 000 руб.,"22 Июля, в 13:47"
Hekler&Koch SL 6 кал. 223 REM,150 000 руб.,"21 Июля, в 13:47"
МР-18МН 233Rem,13 000 руб.,"21 Июля, в 08:11"
Blaser R93 k.222rem + доп. ствол k.300WM+ оптика Swarovski,1 500 000 руб.,"20 Июля, в 21:21"
Продам Сайга МК 223 rem,60 000 руб.,"20 Июля, в 21:13"
"Карабин ""Вепрь-пионер"" калибр 223Rem СОК-97Р",60 000 руб.,"20 Июля, в 10:31"
ИЖ 18 МН 223 Rem.,Договорная,"20 Июля, в 08:18"
Ствол Blaser R93 223Rem,160 000 руб.,"19 Июля, в 09:49"
Вепрь-223,40 000 руб.,"19 Июля, в 08:49"
AR-15 RA-15 от РОК,210 000 руб.,"18 Июля, в 16:18"
ADC special forces.,260 000 руб.,"17 Июля, в 17:13"
Карабин Steyr Mannlicher AUG,260 000 руб.,"17 Июля, в 15:37"
Карабин Baikal МР-18МН 121 Лис 223Rem 600мм орех,62 000 руб.,"17 Июля, в 07:22"
Norinko cq-a,170 000 руб.,"16 Июля, в 20:11"
Адар 2-15 16.5 223rem.,Договорная,"16 Июля, в 16:20"
Remington 700 SPS Varmint 223 Rem L=660,155 000 руб.,"16 Июля, в 14:20"
Вепрь-пионер 223REM.,45 000 руб.,"16 Июля, в 13:19"
Сайга м3,50 000 руб.,"16 Июля, в 11:40"
Oberland Arms OA-15,600 000 руб.,"15 Июля, в 15:35"
CZ 527,100 000 руб.,"15 Июля, в 14:29"
Орсис 120,130 000 руб.,"15 Июля, в 08:24"
ТОЗ 99,25 000 руб.,"14 Июля, в 18:38"
карабин БАРС 4 -1,70 000 руб.,"14 Июля, в 18:15"
"Tikka T3 Hunter, 223 rem.",300 000 руб.,"14 Июля, в 11:40"
МР-18МН .223rem,18 300 руб.,"14 Июля, в 08:50"
"TR3 Gen.2 5,56x45 (223 Rem) L=415",79 000 руб.,"14 Июля, в 07:59"
CZ 527 Varmint,90 000 руб.,"14 Июля, в 07:31"
ЧЗ 527 фулсток.,200 000 руб.,"13 Июля, в 21:40"
Вепрь 1В,50 000 руб.,"12 Июля, в 18:12"
Лось 145 в 223калибр,120 000 руб.,"12 Июля, в 12:46"
МР-18 МН,45 000 руб.,"12 Июля, в 07:46"
STM-15 от СОЮЗ-ТМ,590 000 руб.,"12 Июля, в 05:50"
V-AR,400 000 руб.,"11 Июля, в 15:49"
Карабин Вепрь СОК-97,115 000 руб.,"11 Июля, в 15:18"
CZ 527,105 000 руб.,"11 Июля, в 07:32"
Вепрь 223,49 000 руб.,"11 Июля, в 05:45"
CZ 527 к.223 Rem Lux,125 000 руб.,"10 Июля, в 08:14"
BENELLI MR1 .223 Rem,260 000 руб.,"9 Июля, в 23:39"
Сайга мк 223,50 000 руб.,"9 Июля, в 17:44"
WEATHERBY VANGUARD 223,145 000 руб.,"9 Июля, в 16:01"
CZ 527,130 000 руб.,"8 Июля, в 17:03"
"МР-18МН кал.5,56х45 (223Rem)",19 000 руб.,"8 Июля, в 10:05"
Сайга мк 223 rem.,55 000 руб.,"8 Июля, в 07:06"
Сайга МК 223rem,90 000 руб.,"7 Июля, в 13:34"
Вепрь-223,250 000 руб.,"7 Июля, в 08:17"
Cz 527,100 000 руб.,"7 Июля, в 06:15"
"145 Лось кал. 223 Rem, 550 мм, твист 9, ствол хром., орех (Новый)",110 900 руб.,"5 Июля, в 19:11"
Savage 11 к.223Rem №G710630,130 000 руб.,"5 Июля, в 16:31"
Тикка т3 лайт,230 000 руб.,"5 Июля, в 12:18"
Titan 3 к. 223Rem,259 000 руб.,"4 Июля, в 13:55"
БАРС 4-1,95 000 руб.,"4 Июля, в 11:02"
Сако 223,350 000 руб.,"3 Июля, в 15:08"
SR 1 AK107,90 000 руб.,"3 Июля, в 14:02"
"Blaser R-8 Standart 223 REM,30-06,9,3-64",2 000 000 руб.,"3 Июля, в 08:42"
"Сайга исп. 04, 223rem экспортная версия",55 000 руб.,"2 Июля, в 19:18"
Вепрь 223,70 000 руб.,"2 Июля, в 18:32"
IZH-18MH,25 500 руб.,"2 Июля, в 07:44"
Барс 4-1 Легион,75 000 руб.,"1 Июля, в 17:43"
Карабин СТМ-15,600 000 руб.,"1 Июля, в 15:20"
Blaser R93,550 000 руб.,"1 Июля, в 10:30"
Вепрь сок-97.223Rem,55 000 руб.,"30 Июня, в 04:40"
Росслер титан3,130 000 руб.,"27 Июня, в 19:12"
CZ 527 .223 rem оптика Nikon 9x,90 000 руб.,"27 Июня, в 14:45"
TITAN-3,100 000 руб.,"26 Июня, в 05:20"
"CZ-527FS,223 rem.",110 000 руб.,"25 Июня, в 19:38"
AUG,300 000 руб.,"25 Июня, в 14:20"
Tikka Т3,230 000 руб.,"25 Июня, в 06:31"
иж 18 мн,30 000 руб.,"25 Июня, в 06:03"
Сайга 223 Rem,25 000 руб.,"23 Июня, в 19:10"
"Сайга-МК, плс.,скл.пр. к.223Rem",71 490 руб.,"23 Июня, в 12:51"
"АКСУ-223, к.223Rem с бок.планкой",70 900 руб.,"23 Июня, в 12:51"
Лось (Baikal 145) к.223Rem,97 410 руб.,"23 Июня, в 12:36"
Сайга мк 223,140 000 руб.,"23 Июня, в 00:04"
Tikka t3 223rem,150 000 руб.,"21 Июня, в 15:07"
"Карабин Sabatti ROVER CUSTOM TACTICAL .223Rem , пластик, без прицела.",180 000 руб.,"21 Июня, в 12:55"
Вепрь-пионер 223 rem,70 000 руб.,"21 Июня, в 00:32"
Blaser r93 223rem/30-06 SPRG/9.3x62,650 000 руб.,"19 Июня, в 12:20"
Remington 700 Police LTR 223 REM,200 000 руб.,"18 Июня, в 23:19"
веперь 223 rem,80 000 руб.,"17 Июня, в 17:36"
